remaining_runtime,argsort,l2-norm,compute_shapley
1178287,24167798,205958349,2430574
1154549,24052148,207016756,2366065
1163553,24405299,207543260,2443091
1153645,24722313,205973317,2493171
1498301,25518846,219828811,2845891
1235767,24109910,210684101,2376173
1173607,24541728,205160370,2356195
1143738,24054134,205022873,2408231
1269823,24246371,205318102,2426455
1097502,24200128,204780214,2451804
1206612,24055056,205235927,2440694
1297733,23999928,208088595,2634195
1205522,24141650,206613929,2361854
1134075,24008325,206534520,2434627
1321629,24137608,204932551,2502851
1203599,24109549,205549932,2407062
1231135,23993466,205081690,2386084
1205861,24046670,205970086,2420524
1209008,24187044,205923842,2491715
1123848,24306635,205790919,2323961
1157300,24076789,205691875,2424009
1215912,24030989,205657565,2413453
1138827,24014670,204895068,2390866
1342638,24090467,205763543,2445998
1222236,24193908,205533268,2412019
1194454,24044163,205532636,2468501
1233983,24046128,205847273,2385907
1312386,24167310,205168667,2420678
1148821,24036467,205350839,2440637
1161854,23994606,205311280,2444014
1236324,24064419,205128431,2412816
1246097,24133756,205137136,2422679
1130876,24023232,206138474,2507153
1187915,24024069,205438871,2396430
1184725,24079145,205452261,2422081
1110707,24279842,204534590,2409104
1203368,24159315,205149268,2423821
1207617,24125304,205196470,2418226
1140150,24091888,205482726,2373705
1325440,24138692,208854752,2500985
1229072,23953506,205388975,2472845
1149296,24370248,205390196,2400238